"Program","Year","Period","Week Ending","Geo Level","State","State ANSI","Ag District","Ag District Code","County","County ANSI","Zip Code","Region","watershed_code","Watershed","Commodity","Data Item","Domain","Domain Category","Value","CV (%)"
"SURVEY","2018","MARKETING YEAR","","STATE","IOWA","19","","","","","","","00000000","","CORN","CORN, GRAIN - PRICE RECEIVED, MEASURED IN $ / BU","TOTAL","NOT SPECIFIED","3.59",""
"SURVEY","2018","YEAR","","STATE","IOWA","19","","","","","","","00000000","","CORN","CORN - ACRES PLANTED","TOTAL","NOT SPECIFIED","13,200,000",""
"SURVEY","2018","YEAR","","STATE","IOWA","19","","","","","","","00000000","","CORN","CORN, GRAIN - PRODUCTION, MEASURED IN $","TOTAL","NOT SPECIFIED","8,971,410,000",""
"SURVEY","2018","YEAR","","STATE","IOWA","19","","","","","","","00000000","","CORN","CORN, GRAIN - YIELD, MEASURED IN BU / ACRE","TOTAL","NOT SPECIFIED","196",""
"SURVEY","2018","YEAR - AUG FORECAST","","STATE","IOWA","19","","","","","","","00000000","","CORN","CORN, GRAIN - YIELD, MEASURED IN BU / ACRE","TOTAL","NOT SPECIFIED","202",""
"SURVEY","2018","YEAR - JUN ACREAGE","","STATE","IOWA","19","","","","","","","00000000","","CORN","CORN - ACRES PLANTED","TOTAL","NOT SPECIFIED","13,300,000",""
"SURVEY","2018","YEAR - MAR ACREAGE","","STATE","IOWA","19","","","","","","","00000000","","CORN","CORN - ACRES PLANTED","TOTAL","NOT SPECIFIED","13,300,000",""
"SURVEY","2018","YEAR - NOV FORECAST","","STATE","IOWA","19","","","","","","","00000000","","CORN","CORN, GRAIN - YIELD, MEASURED IN BU / ACRE","TOTAL","NOT SPECIFIED","198",""
"SURVEY","2018","YEAR - OCT ACREAGE","","STATE","IOWA","19","","","","","","","00000000","","CORN","CORN - ACRES PLANTED","TOTAL","NOT SPECIFIED","13,200,000",""
"SURVEY","2018","YEAR - OCT FORECAST","","STATE","IOWA","19","","","","","","","00000000","","CORN","CORN, GRAIN - YIELD, MEASURED IN BU / ACRE","TOTAL","NOT SPECIFIED","204",""
"SURVEY","2018","YEAR - SEP FORECAST","","STATE","IOWA","19","","","","","","","00000000","","CORN","CORN, GRAIN - YIELD, MEASURED IN BU / ACRE","TOTAL","NOT SPECIFIED","206",""
"SURVEY","2018","JAN","","STATE","IOWA","19","","","","","","","00000000","","CORN","CORN, GRAIN - PRICE RECEIVED, MEASURED IN $ / BU","TOTAL","NOT SPECIFIED","3.24",""
"SURVEY","2018","FEB","","STATE","IOWA","19","","","","","","","00000000","","CORN","CORN, GRAIN - PRICE RECEIVED, MEASURED IN $ / BU","TOTAL","NOT SPECIFIED","3.33",""
"SURVEY","2018","MAR","","STATE","IOWA","19","","","","","","","00000000","","CORN","CORN, GRAIN - PRICE RECEIVED, MEASURED IN $ / BU","TOTAL","NOT SPECIFIED","3.43",""
"SURVEY","2018","APR","","STATE","IOWA","19","","","","","","","00000000","","CORN","CORN, GRAIN - PRICE RECEIVED, MEASURED IN $ / BU","TOTAL","NOT SPECIFIED","3.52",""
"SURVEY","2018","MAY","","STATE","IOWA","19","","","","","","","00000000","","CORN","CORN, GRAIN - PRICE RECEIVED, MEASURED IN $ / BU","TOTAL","NOT SPECIFIED","3.57",""
"SURVEY","2018","JUN","","STATE","IOWA","19","","","","","","","00000000","","CORN","CORN, GRAIN - PRICE RECEIVED, MEASURED IN $ / BU","TOTAL","NOT SPECIFIED","3.54",""
"SURVEY","2018","JUL","","STATE","IOWA","19","","","","","","","00000000","","CORN","CORN, GRAIN - PRICE RECEIVED, MEASURED IN $ / BU","TOTAL","NOT SPECIFIED","3.41",""
"SURVEY","2018","AUG","","STATE","IOWA","19","","","","","","","00000000","","CORN","CORN, GRAIN - PRICE RECEIVED, MEASURED IN $ / BU","TOTAL","NOT SPECIFIED","3.27",""
"SURVEY","2018","SEP","","STATE","IOWA","19","","","","","","","00000000","","CORN","CORN, GRAIN - PRICE RECEIVED, MEASURED IN $ / BU","TOTAL","NOT SPECIFIED","3.29",""
"SURVEY","2018","OCT","","STATE","IOWA","19","","","","","","","00000000","","CORN","CORN, GRAIN - PRICE RECEIVED, MEASURED IN $ / BU","TOTAL","NOT SPECIFIED","3.4",""
"SURVEY","2018","NOV","","STATE","IOWA","19","","","","","","","00000000","","CORN","CORN, GRAIN - PRICE RECEIVED, MEASURED IN $ / BU","TOTAL","NOT SPECIFIED","3.4",""
"SURVEY","2018","DEC","","STATE","IOWA","19","","","","","","","00000000","","CORN","CORN, GRAIN - PRICE RECEIVED, MEASURED IN $ / BU","TOTAL","NOT SPECIFIED","3.52",""
"SURVEY","2014","MARKETING YEAR","","STATE","IOWA","19","","","","","","","00000000","","CORN","CORN, GRAIN - PRICE RECEIVED, MEASURED IN $ / BU","TOTAL","NOT SPECIFIED","3.71",""
"SURVEY","2014","YEAR","","STATE","IOWA","19","","","","","","","00000000","","CORN","CORN - ACRES PLANTED","TOTAL","NOT SPECIFIED","13,700,000",""
"SURVEY","2014","YEAR","","STATE","IOWA","19","","","","","","","00000000","","CORN","CORN, GRAIN - PRODUCTION, MEASURED IN $","TOTAL","NOT SPECIFIED","8,783,054,000",""
"SURVEY","2014","YEAR","","STATE","IOWA","19","","","","","","","00000000","","CORN","CORN, GRAIN - YIELD, MEASURED IN BU / ACRE","TOTAL","NOT SPECIFIED","178",""
"SURVEY","2014","YEAR - AUG FORECAST","","STATE","IOWA","19","","","","","","","00000000","","CORN","CORN, GRAIN - YIELD, MEASURED IN BU / ACRE","TOTAL","NOT SPECIFIED","185",""
"SURVEY","2014","YEAR - MAR ACREAGE","","STATE","IOWA","19","","","","","","","00000000","","CORN","CORN - ACRES PLANTED","TOTAL","NOT SPECIFIED","14,000,000",""
"SURVEY","2014","YEAR - NOV FORECAST","","STATE","IOWA","19","","","","","","","00000000","","CORN","CORN, GRAIN - YIELD, MEASURED IN BU / ACRE","TOTAL","NOT SPECIFIED","183",""
"SURVEY","2014","YEAR - OCT FORECAST","","STATE","IOWA","19","","","","","","","00000000","","CORN","CORN, GRAIN - YIELD, MEASURED IN BU / ACRE","TOTAL","NOT SPECIFIED","185",""
"SURVEY","2014","YEAR - SEP FORECAST","","STATE","IOWA","19","","","","","","","00000000","","CORN","CORN, GRAIN - YIELD, MEASURED IN BU / ACRE","TOTAL","NOT SPECIFIED","185",""
"SURVEY","2014","JAN","","STATE","IOWA","19","","","","","","","00000000","","CORN","CORN, GRAIN - PRICE RECEIVED, MEASURED IN $ / BU","TOTAL","NOT SPECIFIED","4.43",""
"SURVEY","2014","FEB","","STATE","IOWA","19","","","","","","","00000000","","CORN","CORN, GRAIN - PRICE RECEIVED, MEASURED IN $ / BU","TOTAL","NOT SPECIFIED","4.43",""
"SURVEY","2014","MAR","","STATE","IOWA","19","","","","","","","00000000","","CORN","CORN, GRAIN - PRICE RECEIVED, MEASURED IN $ / BU","TOTAL","NOT SPECIFIED","4.55",""
"SURVEY","2014","APR","","STATE","IOWA","19","","","","","","","00000000","","CORN","CORN, GRAIN - PRICE RECEIVED, MEASURED IN $ / BU","TOTAL","NOT SPECIFIED","4.76",""
"SURVEY","2014","MAY","","STATE","IOWA","19","","","","","","","00000000","","CORN","CORN, GRAIN - PRICE RECEIVED, MEASURED IN $ / BU","TOTAL","NOT SPECIFIED","4.71",""
"SURVEY","2014","JUN","","STATE","IOWA","19","","","","","","","00000000","","CORN","CORN, GRAIN - PRICE RECEIVED, MEASURED IN $ / BU","TOTAL","NOT SPECIFIED","4.49",""
"SURVEY","2014","JUL","","STATE","IOWA","19","","","","","","","00000000","","CORN","CORN, GRAIN - PRICE RECEIVED, MEASURED IN $ / BU","TOTAL","NOT SPECIFIED","4.06",""
"SURVEY","2014","AUG","","STATE","IOWA","19","","","","","","","00000000","","CORN","CORN, GRAIN - PRICE RECEIVED, MEASURED IN $ / BU","TOTAL","NOT SPECIFIED","3.61",""
"SURVEY","2014","SEP","","STATE","IOWA","19","","","","","","","00000000","","CORN","CORN, GRAIN - PRICE RECEIVED, MEASURED IN $ / BU","TOTAL","NOT SPECIFIED","3.51",""
"SURVEY","2014","OCT","","STATE","IOWA","19","","","","","","","00000000","","CORN","CORN, GRAIN - PRICE RECEIVED, MEASURED IN $ / BU","TOTAL","NOT SPECIFIED","3.62",""
"SURVEY","2014","NOV","","STATE","IOWA","19","","","","","","","00000000","","CORN","CORN, GRAIN - PRICE RECEIVED, MEASURED IN $ / BU","TOTAL","NOT SPECIFIED","3.63",""
"SURVEY","2014","DEC","","STATE","IOWA","19","","","","","","","00000000","","CORN","CORN, GRAIN - PRICE RECEIVED, MEASURED IN $ / BU","TOTAL","NOT SPECIFIED","3.79",""
"SURVEY","2010","MARKETING YEAR","","STATE","IOWA","19","","","","","","","00000000","","CORN","CORN, GRAIN - PRICE RECEIVED, MEASURED IN $ / BU","TOTAL","NOT SPECIFIED","5.23",""
"SURVEY","2010","YEAR","","STATE","IOWA","19","","","","","","","00000000","","CORN","CORN - ACRES PLANTED","TOTAL","NOT SPECIFIED","13,400,000",""
"SURVEY","2010","YEAR","","STATE","IOWA","19","","","","","","","00000000","","CORN","CORN, GRAIN - PRODUCTION, MEASURED IN $","TOTAL","NOT SPECIFIED","11,261,498,000",""
"SURVEY","2010","YEAR","","STATE","IOWA","19","","","","","","","00000000","","CORN","CORN, GRAIN - YIELD, MEASURED IN BU / ACRE","TOTAL","NOT SPECIFIED","165",""
"SURVEY","2010","YEAR - AUG FORECAST","","STATE","IOWA","19","","","","","","","00000000","","CORN","CORN, GRAIN - YIELD, MEASURED IN BU / ACRE","TOTAL","NOT SPECIFIED","179",""
"SURVEY","2010","YEAR - NOV FORECAST","","STATE","IOWA","19","","","","","","","00000000","","CORN","CORN, GRAIN - YIELD, MEASURED IN BU / ACRE","TOTAL","NOT SPECIFIED","167",""
"SURVEY","2010","YEAR - OCT FORECAST","","STATE","IOWA","19","","","","","","","00000000","","CORN","CORN, GRAIN - YIELD, MEASURED IN BU / ACRE","TOTAL","NOT SPECIFIED","169",""
"SURVEY","2010","YEAR - SEP FORECAST","","STATE","IOWA","19","","","","","","","00000000","","CORN","CORN, GRAIN - YIELD, MEASURED IN BU / ACRE","TOTAL","NOT SPECIFIED","179",""
"SURVEY","2010","JAN","","STATE","IOWA","19","","","","","","","00000000","","CORN","CORN, GRAIN - PRICE RECEIVED, MEASURED IN $ / BU","TOTAL","NOT SPECIFIED","3.76",""
"SURVEY","2010","FEB","","STATE","IOWA","19","","","","","","","00000000","","CORN","CORN, GRAIN - PRICE RECEIVED, MEASURED IN $ / BU","TOTAL","NOT SPECIFIED","3.66",""
"SURVEY","2010","MAR","","STATE","IOWA","19","","","","","","","00000000","","CORN","CORN, GRAIN - PRICE RECEIVED, MEASURED IN $ / BU","TOTAL","NOT SPECIFIED","3.61",""
"SURVEY","2010","APR","","STATE","IOWA","19","","","","","","","00000000","","CORN","CORN, GRAIN - PRICE RECEIVED, MEASURED IN $ / BU","TOTAL","NOT SPECIFIED","3.46",""
"SURVEY","2010","MAY","","STATE","IOWA","19","","","","","","","00000000","","CORN","CORN, GRAIN - PRICE RECEIVED, MEASURED IN $ / BU","TOTAL","NOT SPECIFIED","3.52",""
"SURVEY","2010","JUN","","STATE","IOWA","19","","","","","","","00000000","","CORN","CORN, GRAIN - PRICE RECEIVED, MEASURED IN $ / BU","TOTAL","NOT SPECIFIED","3.42",""
"SURVEY","2010","JUL","","STATE","IOWA","19","","","","","","","00000000","","CORN","CORN, GRAIN - PRICE RECEIVED, MEASURED IN $ / BU","TOTAL","NOT SPECIFIED","3.5",""
"SURVEY","2010","AUG","","STATE","IOWA","19","","","","","","","00000000","","CORN","CORN, GRAIN - PRICE RECEIVED, MEASURED IN $ / BU","TOTAL","NOT SPECIFIED","3.61",""
"SURVEY","2010","SEP","","STATE","IOWA","19","","","","","","","00000000","","CORN","CORN, GRAIN - PRICE RECEIVED, MEASURED IN $ / BU","TOTAL","NOT SPECIFIED","4.01",""
"SURVEY","2010","OCT","","STATE","IOWA","19","","","","","","","00000000","","CORN","CORN, GRAIN - PRICE RECEIVED, MEASURED IN $ / BU","TOTAL","NOT SPECIFIED","4.28",""
"SURVEY","2010","NOV","","STATE","IOWA","19","","","","","","","00000000","","CORN","CORN, GRAIN - PRICE RECEIVED, MEASURED IN $ / BU","TOTAL","NOT SPECIFIED","4.61",""
"SURVEY","2010","DEC","","STATE","IOWA","19","","","","","","","00000000","","CORN","CORN, GRAIN - PRICE RECEIVED, MEASURED IN $ / BU","TOTAL","NOT SPECIFIED","4.86",""
"SURVEY","2005","MARKETING YEAR","","STATE","IOWA","19","","","","","","","00000000","","CORN","CORN, GRAIN - PRICE RECEIVED, MEASURED IN $ / BU","TOTAL","NOT SPECIFIED","1.94",""
"SURVEY","2005","YEAR","","STATE","IOWA","19","","","","","","","00000000","","CORN","CORN - ACRES PLANTED","TOTAL","NOT SPECIFIED","12,800,000",""
"SURVEY","2005","YEAR","","STATE","IOWA","19","","","","","","","00000000","","CORN","CORN, GRAIN - PRODUCTION, MEASURED IN $","TOTAL","NOT SPECIFIED","4,195,250,000",""
"SURVEY","2005","YEAR","","STATE","IOWA","19","","","","","","","00000000","","CORN","CORN, GRAIN - YIELD, MEASURED IN BU / ACRE","TOTAL","NOT SPECIFIED","173",""
"SURVEY","2005","YEAR - AUG FORECAST","","STATE","IOWA","19","","","","","","","00000000","","CORN","CORN, GRAIN - YIELD, MEASURED IN BU / ACRE","TOTAL","NOT SPECIFIED","164",""
"SURVEY","2005","YEAR - NOV FORECAST","","STATE","IOWA","19","","","","","","","00000000","","CORN","CORN, GRAIN - YIELD, MEASURED IN BU / ACRE","TOTAL","NOT SPECIFIED","175",""
"SURVEY","2005","YEAR - OCT FORECAST","","STATE","IOWA","19","","","","","","","00000000","","CORN","CORN, GRAIN - YIELD, MEASURED IN BU / ACRE","TOTAL","NOT SPECIFIED","173",""
"SURVEY","2005","YEAR - SEP FORECAST","","STATE","IOWA","19","","","","","","","00000000","","CORN","CORN, GRAIN - YIELD, MEASURED IN BU / ACRE","TOTAL","NOT SPECIFIED","169",""
"SURVEY","2005","JAN","","STATE","IOWA","19","","","","","","","00000000","","CORN","CORN, GRAIN - PRICE RECEIVED, MEASURED IN $ / BU","TOTAL","NOT SPECIFIED","2.04",""
"SURVEY","2005","FEB","","STATE","IOWA","19","","","","","","","00000000","","CORN","CORN, GRAIN - PRICE RECEIVED, MEASURED IN $ / BU","TOTAL","NOT SPECIFIED","1.88",""
"SURVEY","2005","MAR","","STATE","IOWA","19","","","","","","","00000000","","CORN","CORN, GRAIN - PRICE RECEIVED, MEASURED IN $ / BU","TOTAL","NOT SPECIFIED","1.98",""
"SURVEY","2005","APR","","STATE","IOWA","19","","","","","","","00000000","","CORN","CORN, GRAIN - PRICE RECEIVED, MEASURED IN $ / BU","TOTAL","NOT SPECIFIED","1.95",""
"SURVEY","2005","MAY","","STATE","IOWA","19","","","","","","","00000000","","CORN","CORN, GRAIN - PRICE RECEIVED, MEASURED IN $ / BU","TOTAL","NOT SPECIFIED","1.92",""
"SURVEY","2005","JUN","","STATE","IOWA","19","","","","","","","00000000","","CORN","CORN, GRAIN - PRICE RECEIVED, MEASURED IN $ / BU","TOTAL","NOT SPECIFIED","1.95",""
"SURVEY","2005","JUL","","STATE","IOWA","19","","","","","","","00000000","","CORN","CORN, GRAIN - PRICE RECEIVED, MEASURED IN $ / BU","TOTAL","NOT SPECIFIED","2",""
"SURVEY","2005","AUG","","STATE","IOWA","19","","","","","","","00000000","","CORN","CORN, GRAIN - PRICE RECEIVED, MEASURED IN $ / BU","TOTAL","NOT SPECIFIED","1.84",""
"SURVEY","2005","SEP","","STATE","IOWA","19","","","","","","","00000000","","CORN","CORN, GRAIN - PRICE RECEIVED, MEASURED IN $ / BU","TOTAL","NOT SPECIFIED","1.81",""
"SURVEY","2005","OCT","","STATE","IOWA","19","","","","","","","00000000","","CORN","CORN, GRAIN - PRICE RECEIVED, MEASURED IN $ / BU","TOTAL","NOT SPECIFIED","1.78",""
"SURVEY","2005","NOV","","STATE","IOWA","19","","","","","","","00000000","","CORN","CORN, GRAIN - PRICE RECEIVED, MEASURED IN $ / BU","TOTAL","NOT SPECIFIED","1.74",""
"SURVEY","2005","DEC","","STATE","IOWA","19","","","","","","","00000000","","CORN","CORN, GRAIN - PRICE RECEIVED, MEASURED IN $ / BU","TOTAL","NOT SPECIFIED","1.87",""
"SURVEY","2000","MARKETING YEAR","","STATE","IOWA","19","","","","","","","00000000","","CORN","CORN, GRAIN - PRICE RECEIVED, MEASURED IN $ / BU","TOTAL","NOT SPECIFIED","1.75",""
"SURVEY","2000","YEAR","","STATE","IOWA","19","","","","","","","00000000","","CORN","CORN - ACRES PLANTED","TOTAL","NOT SPECIFIED","12,300,000",""
"SURVEY","2000","YEAR","","STATE","IOWA","19","","","","","","","00000000","","CORN","CORN, GRAIN - PRODUCTION, MEASURED IN $","TOTAL","NOT SPECIFIED","3,024,000,000",""
"SURVEY","2000","YEAR","","STATE","IOWA","19","","","","","","","00000000","","CORN","CORN, GRAIN - YIELD, MEASURED IN BU / ACRE","TOTAL","NOT SPECIFIED","144",""
"SURVEY","2000","YEAR - AUG FORECAST","","STATE","IOWA","19","","","","","","","00000000","","CORN","CORN, GRAIN - YIELD, MEASURED IN BU / ACRE","TOTAL","NOT SPECIFIED","155",""
"SURVEY","2000","YEAR - NOV FORECAST","","STATE","IOWA","19","","","","","","","00000000","","CORN","CORN, GRAIN - YIELD, MEASURED IN BU / ACRE","TOTAL","NOT SPECIFIED","146",""
"SURVEY","2000","YEAR - OCT FORECAST","","STATE","IOWA","19","","","","","","","00000000","","CORN","CORN, GRAIN - YIELD, MEASURED IN BU / ACRE","TOTAL","NOT SPECIFIED","148",""
"SURVEY","2000","YEAR - SEP FORECAST","","STATE","IOWA","19","","","","","","","00000000","","CORN","CORN, GRAIN - YIELD, MEASURED IN BU / ACRE","TOTAL","NOT SPECIFIED","155",""
"SURVEY","2000","JAN","","STATE","IOWA","19","","","","","","","00000000","","CORN","CORN, GRAIN - PRICE RECEIVED, MEASURED IN $ / BU","TOTAL","NOT SPECIFIED","1.77",""
"SURVEY","2000","FEB","","STATE","IOWA","19","","","","","","","00000000","","CORN","CORN, GRAIN - PRICE RECEIVED, MEASURED IN $ / BU","TOTAL","NOT SPECIFIED","1.91",""
"SURVEY","2000","MAR","","STATE","IOWA","19","","","","","","","00000000","","CORN","CORN, GRAIN - PRICE RECEIVED, MEASURED IN $ / BU","TOTAL","NOT SPECIFIED","1.97",""
"SURVEY","2000","APR","","STATE","IOWA","19","","","","","","","00000000","","CORN","CORN, GRAIN - PRICE RECEIVED, MEASURED IN $ / BU","TOTAL","NOT SPECIFIED","1.98",""
"SURVEY","2000","MAY","","STATE","IOWA","19","","","","","","","00000000","","CORN","CORN, GRAIN - PRICE RECEIVED, MEASURED IN $ / BU","TOTAL","NOT SPECIFIED","2.07",""
"SURVEY","2000","JUN","","STATE","IOWA","19","","","","","","","00000000","","CORN","CORN, GRAIN - PRICE RECEIVED, MEASURED IN $ / BU","TOTAL","NOT SPECIFIED","1.86",""
"SURVEY","2000","JUL","","STATE","IOWA","19","","","","","","","00000000","","CORN","CORN, GRAIN - PRICE RECEIVED, MEASURED IN $ / BU","TOTAL","NOT SPECIFIED","1.58",""
"SURVEY","2000","AUG","","STATE","IOWA","19","","","","","","","00000000","","CORN","CORN, GRAIN - PRICE RECEIVED, MEASURED IN $ / BU","TOTAL","NOT SPECIFIED","1.43",""
"SURVEY","2000","SEP","","STATE","IOWA","19","","","","","","","00000000","","CORN","CORN, GRAIN - PRICE RECEIVED, MEASURED IN $ / BU","TOTAL","NOT SPECIFIED","1.46",""
"SURVEY","2000","OCT","","STATE","IOWA","19","","","","","","","00000000","","CORN","CORN, GRAIN - PRICE RECEIVED, MEASURED IN $ / BU","TOTAL","NOT SPECIFIED","1.66",""
"SURVEY","2000","NOV","","STATE","IOWA","19","","","","","","","00000000","","CORN","CORN, GRAIN - PRICE RECEIVED, MEASURED IN $ / BU","TOTAL","NOT SPECIFIED","1.83",""
"SURVEY","2000","DEC","","STATE","IOWA","19","","","","","","","00000000","","CORN","CORN, GRAIN - PRICE RECEIVED, MEASURED IN $ / BU","TOTAL","NOT SPECIFIED","1.89",""
"SURVEY","1995","MARKETING YEAR","","STATE","IOWA","19","","","","","","","00000000","","CORN","CORN, GRAIN - PRICE RECEIVED, MEASURED IN $ / BU","TOTAL","NOT SPECIFIED","3.2",""
"SURVEY","1995","YEAR","","STATE","IOWA","19","","","","","","","00000000","","CORN","CORN - ACRES PLANTED","TOTAL","NOT SPECIFIED","11,900,000",""
"SURVEY","1995","YEAR","","STATE","IOWA","19","","","","","","","00000000","","CORN","CORN, GRAIN - PRODUCTION, MEASURED IN $","TOTAL","NOT SPECIFIED","4,565,760,000",""
"SURVEY","1995","YEAR","","STATE","IOWA","19","","","","","","","00000000","","CORN","CORN, GRAIN - YIELD, MEASURED IN BU / ACRE","TOTAL","NOT SPECIFIED","123",""
"SURVEY","1995","YEAR - AUG FORECAST","","STATE","IOWA","19","","","","","","","00000000","","CORN","CORN, GRAIN - YIELD, MEASURED IN BU / ACRE","TOTAL","NOT SPECIFIED","135",""
"SURVEY","1995","YEAR - NOV FORECAST","","STATE","IOWA","19","","","","","","","00000000","","CORN","CORN, GRAIN - YIELD, MEASURED IN BU / ACRE","TOTAL","NOT SPECIFIED","121",""
"SURVEY","1995","YEAR - OCT FORECAST","","STATE","IOWA","19","","","","","","","00000000","","CORN","CORN, GRAIN - YIELD, MEASURED IN BU / ACRE","TOTAL","NOT SPECIFIED","121",""
"SURVEY","1995","YEAR - SEP FORECAST","","STATE","IOWA","19","","","","","","","00000000","","CORN","CORN, GRAIN - YIELD, MEASURED IN BU / ACRE","TOTAL","NOT SPECIFIED","125",""
"SURVEY","1995","JAN","","STATE","IOWA","19","","","","","","","00000000","","CORN","CORN, GRAIN - PRICE RECEIVED, MEASURED IN $ / BU","TOTAL","NOT SPECIFIED","2.08",""
"SURVEY","1995","FEB","","STATE","IOWA","19","","","","","","","00000000","","CORN","CORN, GRAIN - PRICE RECEIVED, MEASURED IN $ / BU","TOTAL","NOT SPECIFIED","2.13",""
"SURVEY","1995","MAR","","STATE","IOWA","19","","","","","","","00000000","","CORN","CORN, GRAIN - PRICE RECEIVED, MEASURED IN $ / BU","TOTAL","NOT SPECIFIED","2.21",""
"SURVEY","1995","APR","","STATE","IOWA","19","","","","","","","00000000","","CORN","CORN, GRAIN - PRICE RECEIVED, MEASURED IN $ / BU","TOTAL","NOT SPECIFIED","2.27",""
"SURVEY","1995","MAY","","STATE","IOWA","19","","","","","","","00000000","","CORN","CORN, GRAIN - PRICE RECEIVED, MEASURED IN $ / BU","TOTAL","NOT SPECIFIED","2.33",""
"SURVEY","1995","JUN","","STATE","IOWA","19","","","","","","","00000000","","CORN","CORN, GRAIN - PRICE RECEIVED, MEASURED IN $ / BU","TOTAL","NOT SPECIFIED","2.44",""
"SURVEY","1995","JUL","","STATE","IOWA","19","","","","","","","00000000","","CORN","CORN, GRAIN - PRICE RECEIVED, MEASURED IN $ / BU","TOTAL","NOT SPECIFIED","2.54",""
"SURVEY","1995","AUG","","STATE","IOWA","19","","","","","","","00000000","","CORN","CORN, GRAIN - PRICE RECEIVED, MEASURED IN $ / BU","TOTAL","NOT SPECIFIED","2.53",""
"SURVEY","1995","SEP","","STATE","IOWA","19","","","","","","","00000000","","CORN","CORN, GRAIN - PRICE RECEIVED, MEASURED IN $ / BU","TOTAL","NOT SPECIFIED","2.6",""
"SURVEY","1995","OCT","","STATE","IOWA","19","","","","","","","00000000","","CORN","CORN, GRAIN - PRICE RECEIVED, MEASURED IN $ / BU","TOTAL","NOT SPECIFIED","2.71",""
"SURVEY","1995","NOV","","STATE","IOWA","19","","","","","","","00000000","","CORN","CORN, GRAIN - PRICE RECEIVED, MEASURED IN $ / BU","TOTAL","NOT SPECIFIED","2.78",""
"SURVEY","1995","DEC","","STATE","IOWA","19","","","","","","","00000000","","CORN","CORN, GRAIN - PRICE RECEIVED, MEASURED IN $ / BU","TOTAL","NOT SPECIFIED","2.96",""
"SURVEY","1990","MARKETING YEAR","","STATE","IOWA","19","","","","","","","00000000","","CORN","CORN, GRAIN - PRICE RECEIVED, MEASURED IN $ / BU","TOTAL","NOT SPECIFIED","2.21",""
"SURVEY","1990","YEAR","","STATE","IOWA","19","","","","","","","00000000","","CORN","CORN - ACRES PLANTED","TOTAL","NOT SPECIFIED","12,800,000",""
"SURVEY","1990","YEAR","","STATE","IOWA","19","","","","","","","00000000","","CORN","CORN, GRAIN - PRODUCTION, MEASURED IN $","TOTAL","NOT SPECIFIED","3,452,904,000",""
"SURVEY","1990","YEAR","","STATE","IOWA","19","","","","","","","00000000","","CORN","CORN, GRAIN - YIELD, MEASURED IN BU / ACRE","TOTAL","NOT SPECIFIED","126",""
"SURVEY","1990","YEAR - AUG FORECAST","","STATE","IOWA","19","","","","","","","00000000","","CORN","CORN, GRAIN - YIELD, MEASURED IN BU / ACRE","TOTAL","NOT SPECIFIED","128",""
"SURVEY","1990","YEAR - NOV FORECAST","","STATE","IOWA","19","","","","","","","00000000","","CORN","CORN, GRAIN - YIELD, MEASURED IN BU / ACRE","TOTAL","NOT SPECIFIED","129",""
"SURVEY","1990","YEAR - OCT FORECAST","","STATE","IOWA","19","","","","","","","00000000","","CORN","CORN, GRAIN - YIELD, MEASURED IN BU / ACRE","TOTAL","NOT SPECIFIED","133",""
"SURVEY","1990","YEAR - SEP FORECAST","","STATE","IOWA","19","","","","","","","00000000","","CORN","CORN, GRAIN - YIELD, MEASURED IN BU / ACRE","TOTAL","NOT SPECIFIED","135",""
"SURVEY","1990","JAN","","STATE","IOWA","19","","","","","","","00000000","","CORN","CORN, GRAIN - PRICE RECEIVED, MEASURED IN $ / BU","TOTAL","NOT SPECIFIED","2.15",""
"SURVEY","1990","FEB","","STATE","IOWA","19","","","","","","","00000000","","CORN","CORN, GRAIN - PRICE RECEIVED, MEASURED IN $ / BU","TOTAL","NOT SPECIFIED","2.15",""
"SURVEY","1990","MAR","","STATE","IOWA","19","","","","","","","00000000","","CORN","CORN, GRAIN - PRICE RECEIVED, MEASURED IN $ / BU","TOTAL","NOT SPECIFIED","2.26",""
"SURVEY","1990","APR","","STATE","IOWA","19","","","","","","","00000000","","CORN","CORN, GRAIN - PRICE RECEIVED, MEASURED IN $ / BU","TOTAL","NOT SPECIFIED","2.45",""
"SURVEY","1990","MAY","","STATE","IOWA","19","","","","","","","00000000","","CORN","CORN, GRAIN - PRICE RECEIVED, MEASURED IN $ / BU","TOTAL","NOT SPECIFIED","2.56",""
"SURVEY","1990","JUN","","STATE","IOWA","19","","","","","","","00000000","","CORN","CORN, GRAIN - PRICE RECEIVED, MEASURED IN $ / BU","TOTAL","NOT SPECIFIED","2.55",""
"SURVEY","1990","JUL","","STATE","IOWA","19","","","","","","","00000000","","CORN","CORN, GRAIN - PRICE RECEIVED, MEASURED IN $ / BU","TOTAL","NOT SPECIFIED","2.54",""
"SURVEY","1990","AUG","","STATE","IOWA","19","","","","","","","00000000","","CORN","CORN, GRAIN - PRICE RECEIVED, MEASURED IN $ / BU","TOTAL","NOT SPECIFIED","2.41",""
"SURVEY","1990","SEP","","STATE","IOWA","19","","","","","","","00000000","","CORN","CORN, GRAIN - PRICE RECEIVED, MEASURED IN $ / BU","TOTAL","NOT SPECIFIED","2.19",""
"SURVEY","1990","OCT","","STATE","IOWA","19","","","","","","","00000000","","CORN","CORN, GRAIN - PRICE RECEIVED, MEASURED IN $ / BU","TOTAL","NOT SPECIFIED","2.1",""
"SURVEY","1990","NOV","","STATE","IOWA","19","","","","","","","00000000","","CORN","CORN, GRAIN - PRICE RECEIVED, MEASURED IN $ / BU","TOTAL","NOT SPECIFIED","2.09",""
"SURVEY","1990","DEC","","STATE","IOWA","19","","","","","","","00000000","","CORN","CORN, GRAIN - PRICE RECEIVED, MEASURED IN $ / BU","TOTAL","NOT SPECIFIED","2.13",""
